,a,b,c,kinfty,R0,n,tau,rho
0,0.41163451537574064,0.677062676283261,3.2481925682578065e-05,12497.519359058779,1.6448151235938928,18787.8645593258,0.6651910502971632,4.797476927968879e-05
1,0.10000175980277397,0.9988801953134948,0.010940099795199828,12.552926968711336,9.988626173014474,12.553443890540528,0.999958822309344,0.010952364304075844
2,0.13515168205142838,0.9733632137106717,0.0019538073045797404,34.814556568315616,7.202005916140091,34.84027954062545,0.9992616886934031,0.0020072746504682494
3,0.10001307815128388,0.9999823949537723,0.024021304501624926,10.641073167804622,9.998516328446145,10.641453835718426,0.9999642278282949,0.024021727405246364
4,0.3619727263072491,0.735974898570066,0.009752031137059556,41.519119542530035,2.033233017521207,51.006581519082744,0.8139953375820094,0.013250494216592017
5,0.1041314432015002,0.9999899748914575,0.007097023586512503,14.505004131936717,9.603151019009895,14.505919538126557,0.9999368943011552,0.007097094735657564
6,0.19286110704336437,0.9999899841738696,0.011887262716136727,14.304192977991175,5.185026672842981,14.382071595481593,0.9945850208731484,0.011887381778085761
7,0.46706734581129883,0.9390324087805852,0.02281420457357619,18.294355373358233,2.010486104845288,22.447123758190585,0.8149977507333395,0.024295438964883447
8,0.10001189558288986,0.8423813064082556,0.01177279430438775,15.769331769049685,8.422811121603928,15.772418588945554,0.9998042900092677,0.013975612011838888
9,0.11149700198910883,0.9113377263621437,0.037400542196441906,10.671561100257543,8.173652296508962,10.673716762936046,0.9997980401085789,0.041039168153102254
10,1.0,0.2457628426561599,0.02977560522142618,9.439196711422898,0.2457628426561599,245.36040769534335,0.03847074106244258,0.12115584642339289
11,1.0,0.2457628426561599,0.02977560522142618,9.091795578719672,0.2457628426561599,236.33013889601474,0.03847074106244258,0.12115584642339289
12,1.0,0.2457628426561599,0.02977560522142618,9.439196711422898,0.2457628426561599,245.36040769534335,0.03847074106244258,0.12115584642339289
13,1.0,0.2457628426561599,0.02977560522142618,9.439196711422898,0.2457628426561599,245.36040769534335,0.03847074106244258,0.12115584642339289
14,1.0,0.2457628426561599,0.02977560522142618,9.999260350764471,0.2457628426561599,259.918579019169,0.03847074106244258,0.12115584642339289
15,0.10000259215011087,0.9999892373613862,0.014492427248989997,11.689456311774691,9.99963316811161,11.689915783074417,0.9999606950718677,0.014492583227425854
16,0.10000240189609404,0.9999680203024022,0.0064705956919463474,14.89161922025042,9.99944002686459,14.89225359080998,0.9999574026485855,0.0064708026262575505
17,0.10000241242490635,0.9999899835826092,0.01180621867203865,12.282543196303353,9.999658601571438,12.28303911684983,0.9999596255827439,0.011806336929237191
18,0.10000259967387629,0.9999892061226211,0.01440891835014996,11.704619609908741,9.999632103402694,11.70508006223369,0.9999606621806514,0.014409073879926564
19,0.10000241285142758,0.9999899818116881,0.011645732868080023,12.326487929827968,9.999658541213016,12.326986424426716,0.9999595607083853,0.011645849538393751
20,1.0,0.6217662176377498,0.06287387356432979,9.99670033053302,0.6217662176377498,72.26715918833357,0.13832978136695367,0.1011214050888835
21,1.0,0.6217662176377498,0.06287387356432979,12.028519803357947,0.6217662176377498,86.95538794678889,0.13832978136695367,0.1011214050888835
22,1.0,0.6217662176377498,0.06287387356432979,12.028519803357947,0.6217662176377498,86.95538794678889,0.13832978136695367,0.1011214050888835
23,1.0,0.6217662176377498,0.06287387356432979,9.99670033053302,0.6217662176377498,72.26715918833357,0.13832978136695367,0.1011214050888835
24,1.0,0.6217662176377498,0.06287387356432979,9.602099878745834,0.6217662176377498,69.41455255592365,0.13832978136695367,0.1011214050888835
25,0.14111410589256593,0.9961270515106225,0.0016340950386315681,37.4407360400486,7.059018269009915,37.47277030553218,0.9991451321793827,0.0016404484108261791
26,0.10492096501877912,0.9986481421515543,3.008767447323189e-06,12524.96237890529,9.518099094616721,12525.883765892817,0.9999264413589692,3.012840379235973e-06
27,0.10530039241520302,0.9999865124962981,0.004557100374571894,17.52867118223926,9.49651268680289,17.529933006997563,0.9999280188488,0.004557161839309072
28,0.10053260328335364,0.9998536786573096,0.002567357991770778,23.619678528488027,9.945566373519615,23.620782863412717,0.9999532473190632,0.0025677337060143134
29,0.21579252413133646,0.9681917687157162,2.350604514840368e-05,3159.647038971813,4.486678918155903,3197.611106947792,0.9881273654906031,2.4278294763426775e-05
30,0.10007613669998638,0.5424660807081559,0.02408863592058217,20.855363497083115,5.4205337915310405,20.929573666255347,0.9964542914081485,0.04440579195133444
31,0.10044979875022055,0.9999898874156801,0.016366765526929464,11.39541011347301,9.95512086492343,11.39587005884519,0.9999596392930241,0.016366931038899652
32,0.10044979875022055,0.9999898874156801,0.016366765526929464,11.39541011347301,9.95512086492343,11.39587005884519,0.9999596392930241,0.016366931038899652
33,0.10044979875022055,0.9999898874156801,0.016366765526929464,14.58799064771719,9.95512086492343,14.58857945309769,0.9999596392930241,0.016366931038899652
34,0.10044979875022055,0.9999898874156801,0.016366765526929464,11.39541011347301,9.95512086492343,11.39587005884519,0.9999596392930241,0.016366931038899652
35,0.1000130498675353,0.9999813657562046,0.011815136382409913,12.2804640259225,9.998508865399605,12.280960395115526,0.9999595822169394,0.011815356552644445
36,0.10007630923695228,0.9999874718644993,0.015765669714325643,11.478896849754168,9.992249709137583,11.479345688846331,0.9999609002895872,0.0157658672312466
37,0.10000272688659827,0.9999894640814618,0.007978875595222349,13.803929799164061,9.999621962463447,13.80450892326415,0.9999580481925646,0.007978959660891355
38,0.10007614533849203,0.999987498772672,0.01594658984542082,11.451498875616114,9.992266342697048,11.451945826759273,0.9999609715981964,0.015946789199857758
39,0.10006279550422087,0.9999896904933514,0.016840695445573366,11.32437585992919,9.993621360010572,11.324813313312708,0.9999613721329071,0.016840869066624978
40,0.3458744364927634,0.9678152438606115,0.009436812088875424,23.077251098957902,2.798169340511121,24.885000302025578,0.927355869755785,0.009750633861925975
41,0.1548395871232314,0.9995056193220795,0.0008261128521428509,67.71486224900482,6.455103878096807,67.82203083822971,0.9984198557916896,0.0008265214683867078
42,0.3770983811169077,0.9970582429766638,0.0021438589326522326,121.06730684957856,2.644026845258603,132.9755611153158,0.9104477983333309,0.002150184252277838
43,0.10001991291234039,0.999819236555589,0.016024649925262698,11.440930983207492,9.996201830647985,11.441375380337913,0.9999611587667,0.01602754711988555
44,0.1022005521744786,0.9999810342415026,6.49125915580698e-05,581.458621076509,9.784497372717881,581.4913667183217,0.9999436867962502,6.491382269795423e-05
45,0.8403096047414075,0.8632122481709658,0.009106666732503049,27.364923986556356,1.0272550061314678,165.7843559686568,0.16506336696648247,0.01054974225840619
46,0.4348825739350847,0.7668579875581525,0.023028084351901724,22.96685698311613,1.7633679377381122,30.82474159715304,0.7450786541301401,0.03002913802231923
47,0.10000101362519408,0.6485220072467369,0.042711871136008606,13.161768811188594,6.485154337309131,13.174969954113843,0.9989980134321956,0.06586032649429957
48,0.10000126527519165,0.9881086234055634,0.007142755290444537,14.656823145134947,9.880961212704712,14.657521374041828,0.9999523637804058,0.0072287146587454035
49,0.10007318586822,0.9999131502332294,0.009744684458938837,12.958317940317409,9.991818902917222,12.958856291231674,0.9999584569114615,0.009745530856020737
50,0.10007809489703758,0.9999899811350107,0.018190504074547312,11.156135505270553,9.992096493881315,11.156561343763071,0.9999618306681246,0.01819068632457766
51,0.18086804094074402,0.9192169806813224,0.020013173966691916,13.321606119002107,5.082252098824227,13.39824043646238,0.9942802700232399,0.021771980269400786
52,0.4258860733751587,0.6742702578595153,0.0002442758408727497,1691.9457386710858,1.5832174377431627,2671.5823617487085,0.633312213351943,0.00036228179728438315
53,0.10007831377797145,0.9999899530545777,0.01824148761446612,11.150253915747369,9.992074359617044,11.150679322464716,0.9999618492555435,0.01824167088753794
54,0.4941653444825323,0.999861516802171,0.02368260881302375,16.90281091294688,2.023333946756588,20.668952530312488,0.8177874949472018,0.023685888910663522
55,0.10000589171472414,0.8022723249567764,0.03880617600575204,13.733362971688578,8.02225060144787,13.736425698292315,0.9997770361321783,0.048370328626059465
56,0.10000136515371533,0.9999843902247592,0.0054683392300833925,15.942055459741082,9.999707390870624,15.942741237967471,0.9999569849239756,0.005468424590962179
57,0.10001097002770039,0.9999890230313889,0.004191316882721124,18.004036257016054,9.998793359912602,18.00482141443717,0.9999563918239984,0.004191362891180018
58,0.10000101647553516,0.9999657338731733,0.01886255162577474,11.080323795020378,9.999555695694461,11.080740724061705,0.9999623735405683,0.018863197994509577
59,0.10000101009873258,0.99996594883981,0.01697313972565549,11.306094884392841,9.9995584829846,11.30652842528146,0.9999616557025895,0.016973717700435924
60,0.1000010100571716,0.9991321100742778,0.009761269517636891,12.964550221154163,9.991220183706782,12.965089026392855,0.9999584418404227,0.009769748584009792
61,0.10000101681455256,0.9990697208551816,0.02279614464791687,10.734821807276859,9.990595622721637,10.735213645790276,0.999963499700486,0.022817371172458186
62,0.1015843526015482,0.9644330911048444,0.014261676732318778,12.243024264808655,9.493913840133544,12.243826055658793,0.9999345146813999,0.014787626911454013
63,0.10000130198844405,0.9989367968464891,0.012423723467889202,12.139053889635614,9.989237909741657,12.139546102095846,0.999959453800324,0.012436946468594659
64,0.10007437143050797,0.6455503806072395,0.051783560295792556,12.4107700951084,6.450706323501739,12.422536168642186,0.9990528444937448,0.0802161409107716
65,0.10050098105708934,0.9999899784843994,0.014418448371520252,11.710694413693009,9.95005190960631,11.711178831762348,0.9999586362674246,0.014418592867673614
66,0.1000058265878139,0.9999860112642011,3.5748324013563014e-05,2553.3840866833816,9.999277495957953,2553.500110437679,0.9999545628551874,3.5748824094418395e-05
67,0.10050098105708934,0.9999899784843994,0.014418448371520252,11.710694413693009,9.95005190960631,11.711178831762348,0.9999586362674246,0.014418592867673614
68,0.10050082981486555,0.9999899815098158,0.014444284765930094,11.705976716992655,9.950066913396794,11.706460808018887,0.999958647533685,0.014444429477305029
69,0.10050098105708934,0.9999899784843994,0.014418448371520252,15.34912415085047,9.95005190960631,15.34975907417991,0.9999586362674246,0.014418592867673614
70,0.13571202942416463,0.9999899488886352,0.016269918908829048,11.946140140893228,7.368469494794681,11.952856261329108,0.9994381158537303,0.016270082441239578
71,0.10001137535534269,0.9999890687939617,0.008938351700518491,13.301935202033487,9.99875329422256,13.302488419323247,0.9999584124960443,0.008938449408550639
72,0.10071861881793515,0.9987091243510807,0.0015321357040823111,33.49700381276087,9.915834193044343,33.498634002243584,0.9999513356430414,0.0015341160571430933
73,0.10022427556684865,0.9997103302753708,2.112655082806221e-05,1752.0230070878915,9.974732415088132,1752.1046087480904,0.999953426490752,2.1132672323434817e-05
74,0.1000110748141631,0.9999893576005491,0.008288018381327325,13.629771546867277,9.998786229012062,13.630342079398757,0.9999581424642054,0.008288106586668313
75,0.10023769269326027,0.9997598819604936,0.006227139009211761,15.12971950454663,9.973891608018976,15.13038241307398,0.9999561869284429,0.006228634616744735
76,0.10000101006570997,0.9999827117580375,0.009736478030566357,12.958693240822166,9.999726113775809,12.959227371685511,0.9999587837416518,0.009736646360064532
77,0.10058089901683522,0.9988099460291235,0.0017130321465206615,62.57710748698844,9.930413784250854,62.58010335165032,0.9999521275213458,0.0017150731761642994
78,0.1011103156236132,0.8878217973442246,0.020936899898437736,12.127328327633187,8.780724220555035,12.128845192845327,0.999874937375486,0.02358232244473732
79,0.24667633344433956,0.8532749328618046,3.1653317986793747e-05,4494.26637260837,3.4590871404140553,4660.038489465802,0.9644268781830523,3.709627081230603e-05
80,0.10000101964848072,0.9997603677870242,0.0005958726268126949,71.03063155903334,9.997501738495654,71.03384680505131,0.9999547364226691,0.0005960154513142611
81,0.10153640569011965,0.9984846652950853,0.0019721316693978247,28.18577463276954,9.83376020165983,28.187257473277846,0.999947393232218,0.001975124644317892
82,0.10001217899319224,0.9999868841104399,0.01027535516801722,12.756979742165647,9.998651106066875,12.757503300440964,0.9999589607572119,0.010275489940208452
83,0.16630432051542685,0.9334413286213479,0.0010574079552810346,75.37941028305669,5.612850740908798,75.65963150766726,0.9962962914433152,0.001132806018823679
84,0.10000101344116873,0.9997264047863,0.003089213179141827,21.160688207739494,9.997162732500165,21.161622778001508,0.9999558365503525,0.0030900586043860396
85,0.24929780388701928,0.9999899154942913,0.06085484595454764,10.50699739599588,4.011226332132002,10.667789578376928,0.984927319647646,0.0608554596517779
86,0.49145384920075924,0.9457406983852998,0.03412497863353445,15.34346897428466,1.9243733667430574,19.1832559854528,0.7998365337938482,0.03608280651535602
87,0.6196542323454101,0.672496239165166,0.0011417237931396645,191.69077914612478,1.0852766011453634,1127.0406459388103,0.17008328833291442,0.0016977400417242416
88,0.5090412017337208,0.9288330356828478,0.033378290421458345,16.019351737889263,1.8246716228850959,20.794817259722002,0.7703530902826227,0.03593572702430821
89,0.3094958181594053,0.9999897928062662,0.04072308793773639,11.759359146748752,3.231028447341486,12.24092535900817,0.9606593294104984,0.04072350361042726
90,0.10067916128616913,0.9995981585377536,0.0018945031458381032,28.769150714662704,9.928550712659483,28.77052813745298,0.9999521238267266,0.0018952647417932896
91,0.11033511513376888,0.9999899629141207,0.005811617857385991,15.90909981105956,9.063206774214589,15.910850263803287,0.9998899837083057,0.0058116761896790095
92,0.3704637994820594,0.7262497800972056,2.505497316838543e-05,13476.274154784021,1.9603798835744977,17152.258408756334,0.7856851170050179,3.449911291543788e-05
93,0.22333827914586857,0.9195863174841402,0.009440287043488883,19.690367725638982,4.117459492394191,20.025285841949184,0.9832752391674423,0.010265797635306483
94,0.10003753540541029,0.9999895994050261,0.008391664598096354,13.574818924885646,9.996143900911658,13.575388083438579,0.9999580742333527,0.008391751877308751
95,1.0,0.4752009008050492,0.04219862200754617,10.062495363290097,0.4752009008050492,134.53038516850842,0.07479719433409887,0.08880164565356774
96,1.0,0.4752009008050492,0.04219862200754617,10.062495363290097,0.4752009008050492,134.53038516850842,0.07479719433409887,0.08880164565356774
97,1.0,0.4752009008050492,0.04219862200754617,9.320698276904677,0.4752009008050492,124.61293982862024,0.07479719433409887,0.08880164565356774
98,1.0,0.4752009008050492,0.04219862200754617,9.57721858565477,0.4752009008050492,128.04248435945232,0.07479719433409887,0.08880164565356774
99,1.0,0.4752009008050492,0.04219862200754617,9.57721858565477,0.4752009008050492,128.04248435945232,0.07479719433409887,0.08880164565356774
100,0.3694944463733608,1.0,0.06943602176025228,10.983751503960606,2.706400623379156,11.762338867291032,0.9338067562824994,0.06943602176025228
101,0.3694944463733608,1.0,0.06943602176025228,10.983751503960606,2.706400623379156,11.762338867291032,0.9338067562824994,0.06943602176025228
102,0.3694944463733608,1.0,0.06943602176025228,10.983751503960606,2.706400623379156,11.762338867291032,0.9338067562824994,0.06943602176025228
103,0.3694944463733608,1.0,0.06943602176025228,12.398241900580066,2.706400623379156,13.277095948564003,0.9338067562824994,0.06943602176025228
104,0.3694944463733608,1.0,0.06943602176025228,10.983751503960606,2.706400623379156,11.762338867291032,0.9338067562824994,0.06943602176025228
105,0.10000332342388803,0.9999719936893696,0.0049804485294107255,16.606116873657005,9.999387614857048,16.606834943497248,0.9999567605842602,0.00498058801730586
106,0.10542289934874122,0.9945324276417675,4.793530152500294e-06,8058.245535690933,9.433741945873,8058.890538117856,0.999919963867995,4.819883212724093e-06
107,0.15448370059856056,0.9454812076381715,5.768197675856233e-06,10786.985056334195,6.120265141078457,10811.07174391404,0.9977720351737186,6.1008062659069566e-06
108,0.10000127033228318,0.9999835740662643,0.002578156653080669,23.51086005275879,9.999708711134662,23.511901087130692,0.9999557230881483,0.0025781990024066398
109,0.1000645444549831,0.9998549446054424,8.188963059624382e-06,4496.477332228422,9.992100099503833,4496.6831777691705,0.9999542228054299,8.190151085221534e-06
110,0.27554764506377216,0.8239452701034098,2.3168965737774986e-05,7750.024586625239,2.990209805323205,8246.33254096742,0.9398147052794021,2.8119544560122482e-05
111,0.10000101823100131,0.9999170036439051,0.024804139607075976,10.590334966603281,9.999068222826564,10.59071064574008,0.999964527485514,0.02480619843115433
112,0.10000110078669594,0.9999006347871371,0.02093128521797697,10.879417183945531,9.998896281351366,10.87981843288929,0.9999631198860316,0.02093336526627259
113,0.10714786046178078,0.9693581733194729,0.014791065364867365,12.158064167232377,9.046920481116272,12.159312508200758,0.9998973345764788,0.015258617270659407
114,0.10015531842787107,0.8303063304453989,0.03986930879654896,11.07320584275402,8.290187116157604,11.075075190841655,0.9998312112509012,0.04801758981551059
115,0.10739135569508054,0.9999879704738932,0.0017746193905024276,30.77202545415942,9.311624422669443,30.774763184980415,0.9999110397436841,0.0017746407385895225
116,0.10275768035684175,0.9999717112677073,0.0011117740387530982,42.79881618567111,9.731357381707651,42.80133231016968,0.9999412138743641,0.0011118054903209754
117,0.10013209547005827,0.9999891057922096,1.79476396516221e-05,2056.8109251203077,9.98669908082797,2056.9055854060493,0.99995397927527,1.7947835179067932e-05
118,0.10026419094023285,0.9999782115844096,3.5894279319047864e-05,1034.0670827961003,9.97343320887607,1034.1153007126563,0.9999533727849081,3.589506141556363e-05
119,0.10187641497575056,0.9999899538995494,0.003657130504096531,19.391065880217113,9.815715974473335,19.392087637429974,0.9999473106128662,0.003657167244366033
120,0.49518863746613173,0.9773209852260669,0.006333034197332584,40.86284191260854,1.9736337049795705,51.46509475040795,0.7939913860215837,0.0064799940787802395
121,0.11883676855368067,0.9999899856721585,0.011243836893078977,12.821922358665068,8.414819738391365,12.824511631293712,0.9997980997091285,0.01124394949367544
122,0.10001819365245991,0.9999874423839229,0.0042713689777710544,17.83916581794553,9.998055412384751,17.839943739096064,0.999956394416826,0.004271422616656377
123,0.10080039416765496,0.999983404171316,0.010599747687724308,12.661403862680592,9.920431486687507,12.661964438795087,0.9999557275557671,0.010599923602240473
124,0.10016940683751617,0.999936235002187,0.0025157783336277766,23.881343143138594,9.982451394807338,23.8824197144162,0.9999549220183516,0.0025159387624574623
125,0.10000102800000926,0.9998594033109278,0.017199791362631563,11.277556880107205,9.998491248618317,11.27798880815671,0.9999617016777679,0.017202209936393344
126,0.1000010258755402,0.9999831154016692,0.03250115872910444,10.215273185748213,9.999728569247214,10.215608483430733,0.9999671779039825,0.03250170750738077
127,0.10000102585644316,0.9999831157159822,0.032502415595481754,10.21522605954722,9.999728574299944,10.215561351465519,0.9999671783168087,0.03250296438476385
128,0.10000101380740424,0.9997375068983092,0.025939170759229434,12.499633383080065,9.997273715881938,12.500072573671988,0.9999648649566365,0.025945981400363628
129,0.4285776027458799,0.669920615197473,0.0004998263177850512,837.4605026650448,1.5631255831040116,1345.2639293686968,0.6225250557770079,0.0007460978307671827
130,0.10000392156171577,0.999989987389918,0.025151102196753945,10.568192753918456,9.999507737032,10.568566187114419,0.9999646656708818,0.02515135402745486
131,0.10000131579815232,0.9996548252774423,0.015748816533579044,11.484155006760254,9.996416720107922,11.484602205988026,0.9999610609736628,0.015754254504006568
132,0.10001075285681879,0.999988213882884,0.011210351640441546,12.452126559915463,9.998806981430539,12.452632769428346,0.9999593491976954,0.01121048376851617
133,0.10000400096527567,0.9999897846551551,0.018866389527939897,13.831927372374512,9.999497770118026,13.83244785152034,0.9999623725929484,0.01886658225658369
134,0.10002019440807067,0.9999783332010262,0.008736942451660493,13.39874438749379,9.997764342680957,13.39930331187063,0.9999582870568842,0.008737131757337887
135,0.11105121113127715,0.9960529908837461,0.007233029460879097,14.712450378774506,8.96931227257198,14.714206653027231,0.9998806409143123,0.007261691423125597
136,0.11650690854947193,0.9999899890507706,0.009530902430976398,13.42420523596645,8.583096071304203,13.426525240358982,0.9998272073860511,0.009530997845311933
137,0.44971023564902707,0.6532565815172987,3.6595016858038604e-05,11531.666161553345,1.4526166623148151,20941.347625955415,0.5506649508678518,5.601936190683376e-05
138,0.2521239034387498,0.8620611527037744,0.005182479487954978,36.462337143466364,3.4191964385209546,37.836268345055835,0.9636874548763738,0.006011730689523144
139,0.10002080930441977,0.9999830548469323,0.003758997617550576,19.018483922847164,9.997750086218755,19.019317788112158,0.9999561569308487,0.0037590613154199564
140,0.264302438905596,1.0,0.05622477459820617,12.153986831149476,3.7835443522228775,12.399690334879567,0.9801847064648911,0.05622477459820617
141,0.264302438905596,1.0,0.05622477459820617,10.726445727615165,3.7835443522228775,10.943290235878997,0.9801847064648911,0.05622477459820617
142,0.264302438905596,1.0,0.05622477459820617,10.726445727615165,3.7835443522228775,10.943290235878997,0.9801847064648911,0.05622477459820617
143,0.264302438905596,1.0,0.05622477459820617,15.230213296813426,3.7835443522228775,15.538105416623283,0.9801847064648911,0.05622477459820617
144,0.264302438905596,1.0,0.05622477459820617,10.726445727615165,3.7835443522228775,10.943290235878997,0.9801847064648911,0.05622477459820617
145,0.10020986999485952,0.9999844859494027,0.0067973786228086395,14.621320459975495,9.978902138089781,14.621954260104342,0.9999566542120449,0.006797484079320581
146,0.47421225411900275,0.9157492125333953,0.025835884224948032,17.905934419910533,1.9310956319226402,22.475949320414262,0.7966708842703737,0.028212838047082522
147,0.22008170867555532,0.8808470176252863,0.0005907024334805538,200.47928689971073,4.002363589987534,204.51227302028045,0.9802799799688805,0.0006706072923684911
148,0.2047956653716012,0.9852586119831291,0.023101769441982382,12.21866090810321,4.810934890615873,12.311496203171327,0.9924594628032128,0.02344741691268562
149,0.10012495200456138,0.9999729887202372,0.00028087747397044,140.21917370836243,9.987250617355418,140.22560650998494,0.9999541253428486,0.00028088506103540484
150,0.10000147747547249,0.9999896185334088,0.010231585730420727,12.772320976674886,9.999748441503554,12.772844813009014,0.9999589882800741,0.010231691950388882
151,0.13814307518765692,0.9937727741581766,0.024847630892930246,11.051037015175039,7.193793628875073,11.058008183433206,0.9993695819226639,0.025003332289897595
152,0.14745325583207958,0.9524997036602646,0.0072749957103910015,17.371335740338377,6.4596722417914965,17.397510383430188,0.9984954949004233,0.007637793148317693
153,0.10000407212893067,0.9999702759118632,0.005551353948283995,15.841253160379834,9.999295574910663,15.841934318277108,0.9999570028581366,0.005551518962122919
154,0.10000266921167834,0.9999812448109091,0.009020354675603063,13.263866284152042,9.99954553907178,13.264417024852753,0.9999584798412415,0.009020523857233703
155,0.21246721577547423,0.9879313661808533,0.011655993463181935,15.234304755066056,4.6498061480923,15.379798211720603,0.990539963226327,0.011798383837372929
156,0.10157354262363205,0.9999899254607384,0.0091725084810789,13.231434063860577,9.844984231435886,13.232075264944303,0.9999515419107822,0.009172600890806706
157,0.10157354262363205,0.9999899254607384,0.0091725084810789,13.231434063860577,9.844984231435886,13.232075264944303,0.9999515419107822,0.009172600890806706
158,0.39188252075010094,0.9648092988993285,0.01185773440971332,22.290214607629984,2.4619860489122876,24.986040464203896,0.892106720132945,0.012290236446975411
159,0.16223580279798164,0.9360128199150105,0.00929518253970595,16.6538574500199,5.769459045242604,16.70395391629656,0.9970009216663496,0.009930614562041949
160,0.10017940374426273,0.999989954562164,0.02022992447646747,10.944553671436068,9.981991479156047,10.94496724650462,0.9999622132200822,0.020230127696957662
161,0.10018045834547093,0.9999898955113848,0.019761006522207213,10.989719104017128,9.981885809135884,10.990136379993771,0.9999620317744734,0.019761206199090272
162,0.3828243234260102,0.7168204687537177,0.020570601836911017,25.545432972030373,1.8724527802692248,32.748682702117826,0.7800445961259497,0.028697006759133968
163,0.10018044540735942,0.9999898962358347,0.019766759428077926,10.989152388519669,9.981887105508655,10.989569618456265,0.9999620340057817,0.01976695914877143
164,0.10018045661941465,0.9999898956080328,0.01976177409998096,10.989643471726874,9.981885982083236,10.990060741559727,0.9999620320721908,0.019761973782710107
165,0.621562634268179,1.0,0.0882143751843297,15.051104441655104,1.6088483201333184,20.524366518668568,0.7333285745002122,0.0882143751843297
166,0.621562634268179,1.0,0.0882143751843297,11.29844892457878,1.6088483201333184,15.407075787656371,0.7333285745002122,0.0882143751843297
167,0.621562634268179,1.0,0.0882143751843297,11.29844892457878,1.6088483201333184,15.407075787656371,0.7333285745002122,0.0882143751843297
168,0.621562634268179,1.0,0.0882143751843297,11.29844892457878,1.6088483201333184,15.407075787656371,0.7333285745002122,0.0882143751843297
169,0.621562634268179,1.0,0.0882143751843297,12.647135344070922,1.6088483201333184,17.246205567116167,0.7333285745002122,0.0882143751843297
170,0.10000102870915692,0.9999769510131193,0.032746567565424635,10.206171398644614,9.99966664264478,10.206505596886164,0.9999672563505327,0.03274732235802804
171,0.10001182331191284,0.9999858337383702,0.017442130609411053,11.245536817803796,9.99867616271383,11.245966405186774,0.9999618007588231,0.017442377702697034
172,0.2923501208159977,0.8068791287225102,0.0018451433327820875,199.9496484285111,2.7599753558178004,216.86601124324187,0.9219962468173171,0.002286765473415339
173,0.5287492664315616,0.5635845666757046,0.013900872789991463,28.5317425267523,1.065882455930843,106.49901311167065,0.26790616826500585,0.02466510549070845
174,0.10000102278149159,0.9999770838268303,0.050837751188032985,9.768692768710363,9.999668563509015,9.768959689751135,0.999972676615602,0.05083891622144088
175,0.10000101075832234,0.9976926655247763,0.02824689543683982,10.412234722195747,9.976825813650546,10.412599608143882,0.9999649572669778,0.028312221200886785
176,0.100154888285016,0.9989878236121604,0.004123724059025255,18.199179271934852,9.974429014081556,18.19999312132053,0.999955282983886,0.004127902224187888
177,0.10000139178553609,0.9999890569134833,0.001535484626433227,33.2055427700288,9.999751394041285,33.20702842864609,0.999955260717758,0.0015355014295582172
178,0.10000101037176272,0.9999818820682573,0.008627422167271854,13.452480111207912,9.999717786357708,13.45304078616338,0.9999583235519479,0.008627578481149879
179,0.10008825997282819,0.9786835902008022,1.439669829903751e-05,2842.0654392870424,9.778205660349114,2842.2265840649775,0.9999433033316771,1.4710268408693412e-05
180,0.10001846977861086,0.9999888985761832,0.007666586278638689,13.994644411971922,9.998042369470772,13.99523431299622,0.9999578498643821,0.007666671389607049
181,0.10001672258713815,0.9999899487410734,0.006842487743905473,14.57927648954927,9.998227525100578,14.579896005237876,0.9999575089089536,0.006842556520212778
182,0.2109627452474066,0.9057051252532559,0.009211828299099594,20.013611239041307,4.293199371249601,20.295319529186425,0.9861195439795861,0.010170891211997676
183,0.10001671993638275,0.9999899503343334,0.013734278299676363,11.8339691903229,9.998227806014766,11.834438551826036,0.9999603393518771,0.013734416325968566
184,0.10000614274601109,0.999988575957292,0.0022580088093021745,25.536521525684385,9.99927152971989,25.537656379089047,0.9999555615680698,0.0022580346051859403
185,1.0,0.5748405988886587,0.018961196953569154,9.653837155542632,0.5748405988886587,227.57835173256228,0.04241983950603218,0.03298513881974743
186,1.0,0.5748405988886587,0.018961196953569154,12.172723802141608,0.5748405988886587,286.9582710328412,0.04241983950603218,0.03298513881974743
187,1.0,0.5748405988886587,0.018961196953569154,10.068801322843193,0.5748405988886587,237.36066520033367,0.04241983950603218,0.03298513881974743
188,1.0,0.5748405988886587,0.018961196953569154,9.653837155542632,0.5748405988886587,227.57835173256228,0.04241983950603218,0.03298513881974743
189,1.0,0.5748405988886587,0.018961196953569154,10.795884544694108,0.5748405988886587,254.50083428908098,0.04241983950603218,0.03298513881974743
190,0.10007269752845335,0.9999273498412121,4.338863566343923e-06,8442.026687064235,9.992009554423232,8442.413206944891,0.999954216896143,4.33917880837336e-06
191,0.10011874472468406,0.9998100986633219,0.0014036954101094336,35.493339288199145,9.98624285005464,35.49495106318436,0.9999545914295713,0.0014039620243745075
192,0.2112835552135278,0.8887301675532108,1.6721454410882083e-05,6273.711694018783,4.206338570245283,6375.285274253194,0.9840676023323036,1.881499584617276e-05
193,0.10005287924571195,0.9999899565099785,0.003922673073048498,18.609793831160502,9.99461448834653,18.610611012339064,0.9999560905776806,0.003922712470772055
194,0.10012979926492568,0.9998702997890532,9.071839773360524e-06,4061.0213326002627,9.98574157872397,4061.208428062982,0.9999539310857757,9.073016545520402e-06
195,0.13761116603150925,0.9999898961339442,0.008747357462397581,14.374228477989847,7.266778743121568,14.383700018006314,0.9993415087908807,0.008747445845418735
196,0.10000133244613776,0.9977095237822751,0.007340483186747008,14.265938286096931,9.976962300173916,14.266554437823059,0.9999568114551546,0.007357334987561854
197,0.13761116603150925,0.9999898961339442,0.008747357462397581,14.374228477989847,7.266778743121568,14.383700018006314,0.9993415087908807,0.008747445845418735
198,0.13761116603150925,0.9999898961339442,0.008747357462397581,14.374228477989847,7.266778743121568,14.383700018006314,0.9993415087908807,0.008747445845418735
199,0.13761116603150925,0.9999898961339442,0.008747357462397581,14.374228477989847,7.266778743121568,14.383700018006314,0.9993415087908807,0.008747445845418735
200,0.1000010492778127,0.9999808587356682,0.006765333181754597,14.641009395575919,9.999703662684814,14.641631089434783,0.9999575393031646,0.006765462681264106
201,0.10000102373128711,0.9999813247636288,0.00903529617310679,13.25697219393993,9.999710877467415,13.25752247426329,0.9999584929745035,0.009035464912549755
202,0.10000102398611282,0.9999813201150158,0.009012653369855286,13.267367554761117,9.999710805500188,13.267918391389092,0.9999584835682791,0.009012821728328554
203,0.3361714530768055,0.76279892860688,6.773577783072388e-05,4079.3027665043605,2.26907704870646,4760.109392703838,0.8569766847705225,8.8798994453796e-05
204,0.12701347368275143,0.9729275467790486,6.607022603292492e-06,7242.468145561656,7.660034156763428,7245.895289584124,0.9995270226955398,6.790868061209232e-06
205,0.10000109189069295,0.938193279848233,0.010325200409403323,13.97499605943358,9.38183035914981,13.976058674724678,0.9999239688873789,0.011005408620144435
206,0.10001256371092165,0.9999898861032693,0.011024294571898612,12.50872429132326,9.998642660472742,12.509233833768437,0.9999592666943516,0.011024406071603137
207,0.10001261257409186,0.9999872154440529,0.00486758711349176,16.77826941599626,9.99861107221089,16.77899631736465,0.999956677899283,0.004867649344227132
208,0.1098014413695446,0.99016924350363,0.008363749830696337,14.065673415912968,9.01781644351229,14.067255322960472,0.9998875468589156,0.008446788148157296
209,0.10001256371092165,0.9999898861032693,0.011024294571898612,12.50872429132326,9.998642660472742,12.509233833768437,0.9999592666943516,0.011024406071603137
210,0.4953983517391639,0.6637054138926028,0.0002453800399841218,2161.0302418211627,1.3397408601836762,4686.200484035107,0.4611476289124494,0.0003697122772360387
211,0.2377411059603874,0.9797586240788534,0.0005384104936789241,153.47098737951552,4.121115783158262,156.1875145161446,0.9826072708497561,0.0005495338141933942
212,0.4112114655663831,0.7969870780266124,1.5481767518045447e-05,19160.679754416724,1.9381441053178814,24593.34424385369,0.7791002136362692,1.942536829628308e-05
213,0.13156761194854363,0.9999899427937945,0.0047325794732679255,18.41198134060388,7.600578348909249,18.42090202756851,0.999515730176987,0.004732627070274265
214,0.24518703833101052,0.9900459994284591,3.151495699979799e-05,2427.104774042069,4.037921442208803,2474.2161614558445,0.9809590656840368,3.183181086332471e-05
215,0.10051519853400755,0.9999389013392764,0.001603410441105957,32.2562359076553,9.948136360701358,32.257754667097494,0.9999529180050545,0.00160350841332247
216,0.26536683758502216,0.94473980078554,0.0060096404255930574,26.66478433082788,3.560127593120411,27.519182220234626,0.9689526424670238,0.006361159359006694
217,0.100086809672132,0.7709058687608251,0.02729139248119819,12.976146518539514,7.702372283482574,12.98062292083774,0.9996551473434266,0.0354017184031393
218,0.10058950270454126,0.9999899627365448,0.009347839348825885,13.131827650401679,9.941295421986402,13.132404051446494,0.9999561084899187,0.009347933176493938
219,0.3624998506772129,0.8704560834155793,2.2805491144505792e-05,8784.35924133776,2.401259150284933,9995.90331245358,0.8787959393718429,2.6199473562203633e-05
220,0.14501397422680293,0.9545782953280929,0.003592188269209371,25.270045124235736,6.582664190936009,25.304521400372625,0.9986375448248398,0.003763115384867115
221,0.3953384375660715,0.6981995230341196,0.0003675596825525033,1042.819947238526,1.7660805443878247,1448.871947028085,0.7197461096389852,0.0005264393206045507
222,0.31932349649395386,0.7802518530339039,3.2986098245343304e-05,7482.913477122713,2.4434526791819633,8455.673357045665,0.8849577273331635,4.227621904014879e-05
223,0.1000010163104789,0.9617470050338929,0.027534238166396687,10.699970736948881,9.617372307976368,10.700511822042266,0.9999494337184629,0.02862939839924571
224,0.10002295680019231,0.9999806049017411,0.005938790937747742,15.405748500391976,9.997510940406618,15.406409555983105,0.9999570921707146,0.005938906123415555
225,1.0,0.7809790621588513,0.061588714905203984,10.247864549499617,0.7809790621588513,54.40858991740037,0.18835012201303633,0.07886090407463041
226,1.0,0.7809790621588513,0.061588714905203984,10.906090535319555,0.7809790621588513,57.90328362285164,0.18835012201303633,0.07886090407463041
227,1.0,0.7809790621588513,0.061588714905203984,10.906090535319555,0.7809790621588513,57.90328362285164,0.18835012201303633,0.07886090407463041
228,1.0,0.7809790621588513,0.061588714905203984,10.906090535319555,0.7809790621588513,57.90328362285164,0.18835012201303633,0.07886090407463041
229,1.0,0.7809790621588513,0.061588714905203984,10.906090535319555,0.7809790621588513,57.90328362285164,0.18835012201303633,0.07886090407463041
230,0.10003389762574684,0.9999891022203781,0.008822670334099171,13.357296555526055,9.996502445217127,13.35785398332632,0.9999582696591113,0.008822766482663955
231,0.3362105577163063,0.9734180756177818,0.022574971461531253,14.788937994576242,2.8952632607068507,15.763566199858742,0.9381720993253904,0.023191444690611483
232,0.17711099179107725,0.9893970493268986,0.019577789418124783,12.224827335617592,5.5863108174223655,12.266795579896781,0.9965787116932177,0.01978759632590762
233,0.11551347827203098,0.9844840776765066,8.220830493632787e-06,5206.979897820661,8.522677114423603,5208.017491470353,0.9998007699376219,8.350394567106533e-06
234,0.100010238769815,0.9999898438026129,0.0004112566856188386,98.65326585228111,9.998874676263936,98.6577335707991,0.9999547149690523,0.00041126086246533536
235,0.10005033303445433,0.9999899679874419,0.023290710162795204,10.692087062171616,9.994868959037602,10.692473802424642,0.9999638306101869,0.023290943817836075
236,0.10025252169555757,0.9997515256140926,0.011718553384953489,12.314728469947333,9.972332951884182,12.315240067885894,0.9999584581432648,0.01172146586898722
237,0.10001279559110622,0.9999871178020403,0.007167431195085335,14.332771682384179,9.99859179909741,14.333378524052282,0.999957662342686,0.007167523528542311
238,0.15208933386215862,0.9846996057016391,0.007261207760327904,16.41422540525917,6.474481679261549,16.438630126437687,0.9985154042039508,0.0073740333785896
239,0.10227127871698957,0.47637258680322636,0.04577398129672936,16.75555443117504,4.657931266523708,16.86080216190207,0.9937578455807492,0.09608861333500088
240,0.2843625202077475,0.9999896724265015,0.0320260191882029,12.149652508157036,3.5166015257423386,12.518062736566227,0.9705697090546578,0.03202634994268582
241,0.10001658632189991,0.9999833503911205,0.0028090785594182314,22.336907248621053,9.998175174392664,22.33789553863489,0.9999557572461503,0.0028091253302562737
242,0.1892927762646018,0.910787051891825,0.0007112354162606077,261.59164122503546,4.811525668674681,263.8184997184359,0.991559126839941,0.000780901984479553
243,0.10000651266077146,0.9999899872987539,0.014081773355545934,11.765772634268048,9.999248655842889,11.766237190358657,0.9999605178713387,0.01408191435354733
244,0.10000106244334224,0.9833037075406781,0.025387835462792465,10.674077567746282,9.83293260606896,10.674522077299326,0.9999583578965106,0.02581891562911879
245,0.10000102753140999,0.9999197541961775,0.01739294045311386,14.246704010169145,9.999094798122009,14.247248273887399,0.999961798678047,0.017394336275610257
246,0.10003520031221244,0.9999642184643662,0.0022290688355734167,25.75272614535451,9.9961235179562,25.753874556926053,0.9999554082020162,0.0022291485979334066
247,0.10001359000158444,0.9999868569018514,0.0037685186083210934,18.99310850282261,9.998509771382162,18.993940541327834,0.9999561945293335,0.0037685681389820237
248,0.33967868223499437,0.9984238434136367,0.034337198487898485,12.602162702443042,2.939318525508508,13.356037536472003,0.9435555019989785,0.03439140472697319
249,0.10000101329676714,0.9999208658608397,0.01853731616587356,11.116413755159208,9.999107337977,11.11683359363783,0.9999622339873052,0.01853878321652448
250,0.10001495347215902,0.9999874869537273,0.031190191430080266,10.266509061564845,9.99837976460282,10.2668509651654,0.9999666982990486,0.03119058171927259
251,0.1000242844211563,0.9999756518069677,0.004922439811594465,16.694427168368303,9.997328724657802,16.695150972723578,0.9999566458334844,0.004922559667027451
252,0.10002726115586075,0.9999720614069959,0.007141260234000542,14.352594461090057,9.996995317595038,14.353203279036304,0.9999575831307889,0.0071414597563381295
253,0.10003777458185653,0.9999882042107979,0.008341905839861542,19.959983113226112,9.996106054843827,19.96082043433282,0.999958051768991,0.008342004240385083
254,0.10225088613309553,0.9935092100016181,0.009243858530273484,13.344233504811351,9.71638728595868,13.344968890017572,0.9999448941985342,0.009304250466141556
255,0.5302088237881276,0.5846324146261713,0.002324278472520973,117.37712871219786,1.10264557735801,555.4449366847787,0.211320908626467,0.003975623681432674
256,0.19849369741776446,0.9181214338018426,2.8519742306859507e-05,3044.6418237351236,4.6254437583954955,3076.2496421586634,0.9897252102071404,3.106314835583601e-05
257,0.10009887587876105,0.9999890239290258,0.0010282283189278242,45.03874545966158,9.990012526616226,45.04079065393969,0.9999545923983924,0.0010282396049587068
258,0.20097396765545658,0.9411333200678519,6.046374118164565e-05,1310.3957118973349,4.6828618205980845,1323.202444162567,0.9903214112687517,6.42456705042453e-05
259,0.12067803995075213,0.999917046813438,0.007997981158321536,14.358933280766061,8.28582439043174,14.362328005420945,0.9997636368802048,0.007998644671385205
260,0.1000013315789995,0.9999336313974293,0.03375943842360768,10.170050747410729,9.999203166684808,10.170380558947928,0.9999675713671393,0.03376167913907258
261,0.289258728687005,0.7919502650998813,2.4159471453682734e-05,8874.022998162476,2.7378612520862533,9653.040715602796,0.9192982045355774,3.0506298840162298e-05
262,0.32742083004026196,0.7501425597185539,3.706747310181991e-05,7602.919288732583,2.2910654756641815,8831.509791118815,0.8608855641396974,4.9413904892594364e-05
263,0.10000139481388165,0.9999888670671447,0.0173799647464841,11.253201459298277,9.999749192781577,11.253631137598502,0.999961818697008,0.017380158238618784
264,0.1013986021770984,0.9989549835888859,0.010332513809367689,12.783847969606558,9.85176286596293,12.78445619559482,0.9999524245709823,0.010343322751388339
265,0.14455880658579875,0.9998948939175762,0.00835489630215409,14.823418701165103,6.916872915135178,14.837386409037139,0.9990586139979796,0.008355774544882118
266,0.13764471722293906,0.9999899672377373,0.009349309986431915,14.04398123021768,7.26500796698273,14.053211112150112,0.9993432190081843,0.009349403786777406
267,0.2682648497120832,0.8316816938357733,3.7564881921186336e-05,4511.05557622126,3.1002261188090072,4763.972307554369,0.9469105370465627,4.516737857717477e-05
268,0.18378845798391957,0.9161542852468447,0.005781283183727444,23.640358370914928,4.984830360386412,23.803644138740218,0.9931403037756079,0.00631038164294539
269,0.10000101270544025,0.9999621920709564,0.00664264932874266,14.74299011814936,9.999520655019891,14.74361702597003,0.9999574793743241,0.006642900483052767
270,0.22494355979195016,1.0,0.04619660471627402,12.343484916935202,4.445559592481323,12.467994896766957,0.9900136324354736,0.04619660471627402
271,0.22494355979195016,1.0,0.04619660471627402,15.88533537433695,4.445559592481323,16.045572357683987,0.9900136324354736,0.04619660471627402
272,0.22494355979195016,1.0,0.04619660471627402,10.754886398833069,4.445559592481323,10.86337202486355,0.9900136324354736,0.04619660471627402
273,0.22494355979195016,1.0,0.04619660471627402,10.754886398833069,4.445559592481323,10.86337202486355,0.9900136324354736,0.04619660471627402
274,0.22494355979195016,1.0,0.04619660471627402,24.399758901948164,4.445559592481323,24.64588173591486,0.9900136324354736,0.04619660471627402
275,0.5527729497745824,0.7870416416099401,0.04486233259100421,15.975468663981683,1.423806360153642,25.894753215635102,0.6169384404225867,0.05700121851143183
276,0.2695561425940074,0.9982472924706403,0.021862737408027317,17.16590960553648,3.7033001098185054,17.604598948018342,0.9750809806132367,0.021901123672389354
277,0.10000101507394037,0.9592698227993494,0.01915175771748217,14.547394310257163,9.592600856002,14.548214391216522,0.9999436301296292,0.019964932975368024
278,0.4721435822632293,0.6259076325374704,0.00022663137946404968,1810.6524624121494,1.325672223557864,4038.4123115929856,0.44835750356999143,0.0003620843838335559
279,0.49488281512775806,0.605193757653652,0.000307370986070464,1184.0395699359653,1.2229031583919847,3451.8213260020834,0.343018788665787,0.0005078885599582971
280,0.10004601967218944,0.9999555662089927,0.006221024083417985,15.123663005606254,9.994956016095841,15.124311793064516,0.9999571030095691,0.006221300519385057
281,0.10003104983648108,0.9999899486811835,0.026872527916955897,10.46905444952905,9.99679549815631,10.469419078347624,0.9999651720104197,0.026872798024016327
282,0.10003092409265472,0.9999899893864312,0.014752919180515158,15.191693492473307,9.996808471550056,15.19229078061295,0.99996068478755,0.014753066867766526
283,0.10115676345139447,0.9988433844748427,0.008177738484236932,13.745232120110638,9.874212562709996,13.745885177100856,0.9999524907285486,0.008187207936043451
284,0.10009193479045657,0.9999142562061071,0.011313124059848127,12.424393519450078,9.989958314817645,12.424902615639164,0.9999590261425111,0.011314094173207
285,0.10002038990750141,0.9999836293013084,0.03904952663797533,10.009709005726613,9.997797751299416,10.010017342137946,0.9999691972150703,0.039050165916475414
286,0.10088796612177973,0.990398844186053,0.010137786724926058,12.998862977268566,9.816818420053819,12.999504344449724,0.9999506621818676,0.01023606477777917
287,0.10017378172899336,0.9998117341507277,1.9632959694739626e-05,4647.159299639658,9.980772582346779,4647.374443399897,0.9999537063856464,1.9636656606572532e-05
288,0.10000882340226047,0.9999850869904581,0.021312757830233564,10.845809070782257,9.99896862068128,10.846207534315234,0.9999632624093062,0.021313075672334432
289,0.3609164046464447,0.9992636036777081,0.02411175154853501,14.370955082874135,2.768684356857071,15.478387820531342,0.9284529661294407,0.024129520438644695
290,0.39401591016167503,0.7059299137734648,0.00022119902948664294,1691.3924606363983,1.7916279408204692,2318.4459474794594,0.7295371550392306,0.0003133441793169661
291,0.471217358027509,0.6014689874216069,0.0007987497629803196,503.94839969928756,1.2764151769351713,1248.5363547891707,0.40363133821953057,0.0013279982504242173
292,0.1005793408669743,0.9999897201642488,0.01901173788717884,11.071337955289087,9.94229740963236,11.07177892944631,0.9999601713365094,0.019011933326730752
293,0.10056779151577054,0.999989925096164,0.012500217335144136,12.115340543463352,9.943441235252248,12.11585479362647,0.9999575556019878,0.012500343274900547
294,0.4009367640845138,0.6988962343397845,0.0025704075518994335,156.85870976301945,1.743158265707117,219.81975120872954,0.7135787794340395,0.003677809988957203
295,0.10002635534350333,0.86274152468298,0.016229606338458963,13.485100069641758,8.625142061011971,13.487161533774525,0.999847153596581,0.018811667080036093
296,0.15110309984712686,0.9667977571728521,0.02852996039026062,11.168651448268735,6.398265542870894,11.184201698571057,0.9986096235814211,0.0295097502849914
297,0.10002038431150774,0.9999839537771764,0.0032197557692957095,20.662806347591562,9.997801554758917,20.6637171610019,0.9999559220926593,0.0032198074350432613
298,0.10003869301448687,0.9999834685967087,0.09762290383073721,9.827882059438123,9.995966945028945,9.828050925277235,0.9999828179727195,0.09762451770101044
299,0.1001760740179045,0.9999899348984344,0.017317919538991984,11.263412702450653,9.982323071671843,11.263850737717497,0.9999611114105607,0.01731809384736548
300,0.10021075921577091,0.9997887003931316,3.719527224832428e-06,9854.355307875217,9.976859852347944,9854.813384898449,0.9999535174330207,3.7203133255755497e-06
301,0.10001197842552673,0.9999899693820837,0.007281064313871958,14.251638640627027,9.99870200674732,14.25224129484777,0.9999577151264649,0.007281137348178693
302,0.37535066071956724,0.7236606399951944,0.00023659852417176304,1459.7447620779667,1.9279588814574038,1880.5252330985402,0.7762431135650045,0.0003269467912104964
303,0.23684575262199692,0.9990774170498989,0.00711338593917174,19.552328181597304,4.218261910925694,19.854858769623974,0.9847628939829322,0.007119954687972356
304,0.10002003853595957,0.9999832199234062,0.01771748378623649,14.148954338065577,9.997828780718661,14.149493816318309,0.999961872964522,0.017717781091960285
305,0.8027821610789854,1.0,0.05180107215820581,13.449724496299831,1.2456679389287157,27.327488782748908,0.4921683292315638,0.05180107215820581
306,0.8027821610789854,1.0,0.05180107215820581,19.002546285430636,1.2456679389287157,38.60985186734759,0.4921683292315638,0.05180107215820581
307,0.8027821610789854,1.0,0.05180107215820581,13.449724496299831,1.2456679389287157,27.327488782748908,0.4921683292315638,0.05180107215820581
308,0.8027821610789854,1.0,0.05180107215820581,13.449724496299831,1.2456679389287157,27.327488782748908,0.4921683292315638,0.05180107215820581
309,0.8027821610789854,1.0,0.05180107215820581,13.449724496299831,1.2456679389287157,27.327488782748908,0.4921683292315638,0.05180107215820581
310,0.23585717131351303,0.8722883245484205,0.00030452692290637096,420.3135326533281,3.6983752484207137,432.1394239581551,0.9726340837026429,0.00034911268938974175
311,0.30638980673288796,0.7930846468834003,0.009812490936068641,32.12905384627699,2.5884824803418316,35.401415121144005,0.9075641111049103,0.012372564485555194
312,0.18083994325872266,0.918545123688217,2.448927561092255e-05,3268.400690888252,5.079326542223474,3289.552048065926,0.9935701405940331,2.6660939108349108e-05
313,0.24235791499950152,0.8606180485984821,0.002083530408445539,74.43813610036521,3.551021012044324,76.88755706404021,0.9681428171578549,0.0024209699202085893
314,0.10002958860972788,0.9998199311841117,5.1718739645560555e-06,7089.931641910941,9.995241858736177,7090.255205112466,0.9999543650838842,5.172805425503846e-06
315,0.10000247097542982,0.9999403275222379,0.013655825135957428,11.850213785248659,9.999156198529525,11.850683714217814,0.9999603458348492,0.013656640061507802
316,0.10001754109225619,0.9999824361012731,0.0037946023367095706,18.9261640696108,9.99807059022666,18.92699332466252,0.9999561866463683,0.003794668985891341
317,0.10010542008096951,0.9999898414247633,0.016609346408708623,11.356521983868731,9.989367614819749,11.356963601278151,0.9999611148344818,0.016609515137717794
318,0.10000101969971464,0.6514371474391064,0.035317060666595915,14.045968383788704,6.514305048041078,14.060707368005664,0.9989517608302909,0.05421407238661839
319,0.10010542008096951,0.9999898414247633,0.016609346408708623,11.356521983868731,9.989367614819749,11.356963601278151,0.9999611148344818,0.016609515137717794
320,1.0,0.519755283252094,0.094606298494266,10.983164193402553,0.519755283252094,66.5394285119758,0.16506249661320427,0.18202085008605798
321,1.0,0.519755283252094,0.094606298494266,10.026153362184337,0.519755283252094,60.74155891194904,0.16506249661320427,0.18202085008605798
322,1.0,0.519755283252094,0.094606298494266,13.214129969073062,0.519755283252094,80.05531383690455,0.16506249661320427,0.18202085008605798
323,1.0,0.519755283252094,0.094606298494266,9.55467887675706,0.519755283252094,57.88521967619826,0.16506249661320427,0.18202085008605798
324,1.0,0.519755283252094,0.094606298494266,9.306579447896537,0.519755283252094,56.38215608543056,0.16506249661320427,0.18202085008605798
325,0.10228056271625663,0.9999899766796333,0.030415174583795498,12.001755708830323,9.776930729778762,12.002261800169489,0.9999578336693874,0.03041547944789011
326,0.10000197408289427,0.9999876003086224,0.016535945017471323,11.365295057405042,9.999678601141477,11.365732726775779,0.9999614921992925,0.016536150060628647
327,0.10228056271625663,0.9999899766796333,0.030415174583795498,12.001755708830323,9.776930729778762,12.002261800169489,0.9999578336693874,0.03041547944789011
328,0.10000660588612863,0.9999880716545153,0.01804453675404621,11.172253725419603,9.999220179446349,11.172677714497901,0.9999620512567235,0.01804475199808223
329,0.10228056271625663,0.9999899766796333,0.030415174583795498,12.001755708830323,9.776930729778762,12.002261800169489,0.9999578336693874,0.03041547944789011
330,0.10000109455502375,0.9999772879926482,0.014279304797917353,11.72862340563212,9.999663428108072,11.729085385444657,0.9999606124606178,0.014279629116958839
331,0.10002989955197229,0.9999672833510241,0.0016190660891752214,31.974386224392834,9.996683869821078,31.97582000369431,0.9999551605149982,0.001619119061325201
332,0.18707341641565328,0.9974671875899787,0.031021621924316862,11.13683328952328,5.331955799501377,11.18367437421395,0.9958116551749153,0.031100393386643096
333,0.10000326014570747,0.9999887601463997,0.0168815887383215,11.318078776871134,9.99956160118569,11.318513175264377,0.9999616205426883,0.016881778487040207
334,0.10000141245956365,0.9999680905731247,0.010058366448899334,12.835808239816934,9.99953966627691,12.836335703185473,0.9999589085716722,0.010058687415849891
335,0.9738542577319897,1.0,0.02751784374982688,15.259839338078757,1.026847695186856,63.342869388989946,0.240908558220938,0.02751784374982688
336,0.9738542577319897,1.0,0.02751784374982688,17.56726963484662,1.026847695186856,72.92090312016073,0.240908558220938,0.02751784374982688
337,0.9738542577319897,1.0,0.02751784374982688,15.259839338078757,1.026847695186856,63.342869388989946,0.240908558220938,0.02751784374982688
338,0.9738542577319897,1.0,0.02751784374982688,15.259839338078757,1.026847695186856,63.342869388989946,0.240908558220938,0.02751784374982688
339,0.9738542577319897,1.0,0.02751784374982688,15.259839338078757,1.026847695186856,63.342869388989946,0.240908558220938,0.02751784374982688
340,0.10605412423768054,0.9999899466008203,0.012473358826800451,12.220565536860319,9.429052889633201,12.221439213478044,0.9999285127878588,0.012473484227716554
341,0.23366822490390313,0.9999741391525149,0.05282423941947992,10.610131590087054,4.279461358358663,10.73476835356244,0.9883894314837242,0.05282560553440795
342,0.1046569196860808,0.999989633487515,0.053796990935632234,9.748959502172813,9.55493087783389,9.749372794776521,0.9999576082879987,0.053797548628591756
343,0.1000400018237827,0.9999737456677174,0.0032608897915762107,20.520001073934896,9.995738978785102,20.520907093832104,0.9999558489352802,0.0032609754063080937
344,0.10232050362097614,0.9999896646227341,0.01095046257006548,12.577747970281447,9.773111245884563,12.578392073504151,0.9999487928807641,0.01095057574839712
345,1.0,0.18691767321775213,0.02348530341678587,11.150461009880722,0.18691767321775213,392.90628881319276,0.028379441427526263,0.1256451731529226
346,1.0,0.18691767321775213,0.02348530341678587,9.835782417984976,0.18691767321775213,346.5812547122541,0.028379441427526263,0.1256451731529226
347,1.0,0.18691767321775213,0.02348530341678587,9.835782417984976,0.18691767321775213,346.5812547122541,0.028379441427526263,0.1256451731529226
348,1.0,0.18691767321775213,0.02348530341678587,9.835782417984976,0.18691767321775213,346.5812547122541,0.028379441427526263,0.1256451731529226
349,1.0,0.18691767321775213,0.02348530341678587,9.151212150134352,0.18691767321775213,322.459206024339,0.028379441427526263,0.1256451731529226
350,0.34956084798568887,1.0,0.004176134352593348,36.63149197328249,2.860732275260244,39.34044378813002,0.9311407916637463,0.004176134352593348
351,0.34956084798568887,1.0,0.004176134352593348,36.63149197328249,2.860732275260244,39.34044378813002,0.9311407916637463,0.004176134352593348
352,0.34956084798568887,1.0,0.004176134352593348,36.63149197328249,2.860732275260244,39.34044378813002,0.9311407916637463,0.004176134352593348
353,0.34956084798568887,1.0,0.004176134352593348,36.63149197328249,2.860732275260244,39.34044378813002,0.9311407916637463,0.004176134352593348
354,0.34956084798568887,1.0,0.004176134352593348,36.63149197328249,2.860732275260244,39.34044378813002,0.9311407916637463,0.004176134352593348
355,0.10757728811345306,0.9999899810218631,0.0107171489286031,12.76182415206272,9.295549260985782,12.762885880241056,0.9999168112769872,0.010717256304559704
356,0.10757728811345306,0.9999899810218631,0.0107171489286031,12.76182415206272,9.295549260985782,12.762885880241056,0.9999168112769872,0.010717256304559704
357,0.10757728811345306,0.9999899810218631,0.0107171489286031,12.76182415206272,9.295549260985782,12.762885880241056,0.9999168112769872,0.010717256304559704
358,0.10757728811345306,0.9999899810218631,0.0107171489286031,12.76182415206272,9.295549260985782,12.762885880241056,0.9999168112769872,0.010717256304559704
359,0.10757728811345306,0.9999899810218631,0.0107171489286031,12.76182415206272,9.295549260985782,12.762885880241056,0.9999168112769872,0.010717256304559704
360,0.11460111827626945,0.9867911950844598,0.006241916597407244,16.011846898019865,8.61065938907854,16.01461349659811,0.9998272453731818,0.006325468476512902
361,0.10000101245696581,0.994373267524759,0.0001492506931514516,262.391634776615,9.943632000252748,262.40422592530115,0.9999520162122323,0.00015009523890658635
362,0.2107388114083179,0.9622956663492119,0.007576899742876734,19.390471617931883,4.566295405760412,19.596686177193632,0.989477069878185,0.007873775189721282
363,0.23657705035462767,0.8636095794494291,4.854793219399218e-05,2693.8538960086503,3.65043683719483,2773.9096705304855,0.9711397327128806,5.6215138587210436e-05
364,0.10031654616831953,0.9996835321383715,1.5472535777868378e-05,2389.902296446931,9.965290575903785,2390.0146705823427,0.9999529818219131,1.5477433888274496e-05
365,1.0,0.752120706587045,0.055565014374024786,11.864697640483074,0.752120706587045,72.55895883672957,0.16351802493722012,0.07387778834884942
366,1.0,0.752120706587045,0.055565014374024786,10.181475316330985,0.752120706587045,62.26515590706275,0.16351802493722012,0.07387778834884942
367,1.0,0.752120706587045,0.055565014374024786,10.181475316330985,0.752120706587045,62.26515590706275,0.16351802493722012,0.07387778834884942
368,1.0,0.752120706587045,0.055565014374024786,10.811172055333346,0.752120706587045,66.1160875657843,0.16351802493722012,0.07387778834884942
369,1.0,0.752120706587045,0.055565014374024786,11.864697640483074,0.752120706587045,72.55895883672957,0.16351802493722012,0.07387778834884942
370,0.1000017329740293,0.9999506024555546,0.033487544909630164,10.179516023962542,9.999332738716081,10.179846999100592,0.999967487218808,0.033489199193835785
371,0.10000711151073731,0.9999897350306778,0.02119811096344631,10.85554128276776,9.99918625710246,10.855940473125644,0.9999632283947326,0.0211983285636387
372,0.10001242128620634,0.9999878317464881,0.013609656584816172,15.713736896801334,9.998636358226094,15.714360657254188,0.9999603063423032,0.013609822192582863
373,0.20188070458328938,0.9999676065657831,0.057861253429408954,10.269524276331143,4.953259939476926,10.325757094558401,0.9945541215319802,0.05786312781483341
374,0.1005088958903936,0.9994783256722392,0.009659103152566186,13.010142483977768,9.944177744845438,13.010710095668587,0.9999563735040866,0.009664144688750074
375,0.10002880615948097,0.7776109418450046,0.07766114862098424,10.243189834748232,7.773870065041266,10.245175215546299,0.9998062130948181,0.0998714709912915
376,0.10193878014306786,0.9990225196571421,0.03328257108353609,10.206992139815396,9.800220468157903,10.207400561239679,0.9999599877146162,0.03331513597407038
377,0.2445887592897119,0.9999899489143071,0.00542159987308473,23.083705171995515,4.088454235665971,23.49779831234709,0.9823773642599534,0.005421654366597366
378,0.37674377504871026,0.9995738536141758,0.024684684903349442,14.515279627444789,2.6531927527798915,15.811641960231341,0.9180121624277163,0.024695208677274438
379,0.12416622334191726,0.9998773838049884,0.013938467195449004,12.204743494920207,8.052732513669358,12.208223980631464,0.9997149064665934,0.013940176486847611
380,0.6980832944857274,1.0,0.06550443611325286,12.421531292534793,1.4324938125566984,19.666481972790894,0.6316092176384325,0.06550443611325286
381,0.6980832944857274,1.0,0.06550443611325286,12.421531292534793,1.4324938125566984,19.666481972790894,0.6316092176384325,0.06550443611325286
382,0.6980832944857274,1.0,0.06550443611325286,14.252934177545674,1.4324938125566984,22.566064236422893,0.6316092176384325,0.06550443611325286
383,0.6980832944857274,1.0,0.06550443611325286,12.421531292534793,1.4324938125566984,19.666481972790894,0.6316092176384325,0.06550443611325286
384,0.6980832944857274,1.0,0.06550443611325286,14.252934177545674,1.4324938125566984,22.566064236422893,0.6316092176384325,0.06550443611325286
385,0.10000101313705018,0.9763171723216998,0.027526539657805608,10.593698288093952,9.763072809909126,10.594161370457869,0.9999562889078499,0.028194259445777237
386,0.10000306430938724,0.9999899140437379,0.019374175288001907,11.026400715604744,9.999592721978914,11.026813483827741,0.9999625668627112,0.01937437069705736
387,0.1000032533144991,0.9999892919468638,0.014441313171465275,15.325211024362824,9.999567602085992,15.32581375257063,0.9999606723520502,0.014441467811469965
388,0.10012457012695943,0.9998754214711376,0.0025270132328837846,23.817116067995265,9.986314250371121,23.818185470506403,0.9999551014281729,0.0025273280836984042
389,0.10001736073956181,0.9999826379204246,0.004161922114028264,18.066882622593816,9.99809063672765,18.067671308842286,0.9999563482069721,0.004161994374905793
390,0.8451300486428773,1.0,0.06625642675476665,12.157504043722756,1.183249846110448,25.894703949886736,0.4694977037486437,0.06625642675476665
391,0.8451300486428773,1.0,0.06625642675476665,12.157504043722756,1.183249846110448,25.894703949886736,0.4694977037486437,0.06625642675476665
392,0.8451300486428773,1.0,0.06625642675476665,16.23254619635402,1.183249846110448,34.57428240169729,0.4694977037486437,0.06625642675476665
393,0.8451300486428773,1.0,0.06625642675476665,13.691895895843333,1.183249846110448,29.162860194037503,0.4694977037486437,0.06625642675476665
394,0.8451300486428773,1.0,0.06625642675476665,13.691895895843333,1.183249846110448,29.162860194037503,0.4694977037486437,0.06625642675476665
395,0.1001306311268582,0.9998970635050032,0.011809701677103573,12.285395144551828,9.985925907509827,12.285898100512592,0.9999590623366197,0.011810917451548733
396,0.4279280546442684,0.6688241149690045,5.3801077691005195e-05,7727.222668533826,1.562935890064488,12434.087479297415,0.6214547453843755,8.04412946346866e-05
397,0.10004422331280358,0.9999506256087543,0.014972558073969418,11.606591626989717,9.995086097897483,11.607047753553402,0.9999607026202209,0.014973297371412073
398,0.100047271276692,0.9019165419205345,0.009410371905130862,15.44266806342356,9.014903959011363,15.444378991319528,0.999889220026462,0.01043375020608058
399,0.10000217869392194,0.9999874957348971,0.02593520457041298,12.496926577458117,9.999657095427617,12.497364645996152,0.9999649471268188,0.025935528875141618
400,0.6933775492538419,1.0,0.09494081108988588,12.38234949019248,1.4422157179391242,18.57728245538093,0.666531798713429,0.09494081108988588
401,0.6933775492538419,1.0,0.09494081108988588,12.38234949019248,1.4422157179391242,18.57728245538093,0.666531798713429,0.09494081108988588
402,0.6933775492538419,1.0,0.09494081108988588,11.156863887288214,1.4422157179391242,16.738682098624125,0.666531798713429,0.09494081108988588
403,0.6933775492538419,1.0,0.09494081108988588,11.156863887288214,1.4422157179391242,16.738682098624125,0.666531798713429,0.09494081108988588
404,0.6933775492538419,1.0,0.09494081108988588,12.38234949019248,1.4422157179391242,18.57728245538093,0.666531798713429,0.09494081108988588
405,0.23113741635868307,0.9990036429243456,0.012762651851572356,14.942355970243787,4.322119969421456,15.143798136463973,0.9866980420364199,0.012775380692519525
406,0.4137911999066432,0.9999871655835912,0.03654181282407334,16.211688138120923,2.4166467672807,18.12100300494387,0.8946352546654268,0.03654228182293478
407,0.10017133507120837,0.9999899324760572,0.03622614047577628,11.478977689177064,9.982795295332727,11.47934711288931,0.9999678184039029,0.03622650518698462
408,0.10222781393250298,0.9131332589408164,0.03296483088620555,10.781780813772373,8.932336746863458,10.782813086327938,0.999904266859928,0.03610078875502017
409,0.10017311443726426,0.9999898279218041,0.03556382983447211,10.111238327053435,9.982616928098716,10.111565953241998,0.9999675988674674,0.03556419159621
410,0.10000773926325256,0.9999860946123793,0.00998788401973396,12.861921614183162,9.999087090451011,12.862450766320883,0.9999588607064599,0.009988022907064046
411,0.10000690984283386,0.9999875848591955,0.008873148977090937,13.33258482405732,9.999184920629272,13.333139436091928,0.9999584034924959,0.008873259139852553
412,0.10000694292367716,0.9999875254217615,0.008913813830580654,13.313372015212545,9.999181018711145,13.313925604956603,0.9999584202465536,0.008913925028035828
413,0.30360819711787457,0.7964852375413283,0.00405669556593115,63.59948314553515,2.623398330816794,69.95599760156702,0.9091355327067843,0.005093246396447686
414,0.10000972569628294,0.9999886458217807,0.0058111899434296465,15.542211458574597,9.998913994211138,15.542878279701638,0.9999570979637722,0.0058112559254651025
415,0.10000131132664376,0.999989957575973,0.014871714415821708,11.62266378294562,9.999768446131782,11.623118836235923,0.9999608492955536,0.014871863765383712
416,0.1000013854568871,0.9999893898704816,0.009829123894085,12.922317258197582,9.999755356405538,12.922849380895283,0.9999588231138492,0.009829228183469093
417,0.3190248549439733,0.7794799138710371,3.738620859893565e-05,10909.717913259126,2.4433203300348754,12328.183884322625,0.8849412059088996,4.796301730633318e-05
418,0.10000174417916816,0.9998762466011409,0.005219346432770703,16.269002499334693,9.998588072721136,16.269704873568706,0.9999568293193103,0.005219992424575263
419,0.1000013238705206,0.9999898615122418,0.014057395012378755,11.770355932370006,9.999766231165154,11.770820538759068,0.9999605289718306,0.01405753753455096
420,1.0,0.8889099550529118,0.0119490691242173,14.437434948230722,0.8889099550529118,184.20341496999703,0.07837767258865579,0.013442384187840531
421,1.0,0.8889099550529118,0.0119490691242173,16.249885387222857,0.8889099550529118,207.32799087446787,0.07837767258865579,0.013442384187840531
422,1.0,0.8889099550529118,0.0119490691242173,16.249885387222857,0.8889099550529118,207.32799087446787,0.07837767258865579,0.013442384187840531
423,1.0,0.8889099550529118,0.0119490691242173,16.249885387222857,0.8889099550529118,207.32799087446787,0.07837767258865579,0.013442384187840531
424,1.0,0.8889099550529118,0.0119490691242173,14.437434948230722,0.8889099550529118,184.20341496999703,0.07837767258865579,0.013442384187840531
425,0.37099996221645604,0.7301260660890195,0.00024310329148624784,1382.0189442465164,1.9679949877273442,1753.615643902148,0.7880968381253979,0.00033296070744118293
426,0.1010088253140652,0.9999899658742228,0.009614880115236207,13.029649465350913,9.900025693447768,13.030244144073682,0.9999543616592141,0.009614976593120687
427,0.10064503560735463,0.9998744605251515,9.287457264513198e-06,3976.963267953871,9.934662494690256,3977.156097086434,0.9999515158249122,9.28862335341105e-06
428,0.31301470887176336,0.9986580960523638,0.026770886581448296,13.150738801969755,3.1904510163498307,13.747218831550194,0.956610858029589,0.026806858811110654
429,0.20844652790097062,0.8925173772675551,0.003126482485449388,42.10808530084459,4.281756987056051,42.72692338905778,0.985516436964622,0.003502993403916823
430,0.10000396506745131,0.9999899841369777,0.01313674059872051,11.958998831621972,9.999503354316982,11.959475379090815,0.9999601531460423,0.013136872175832764
431,0.10000396506745131,0.9999899841369777,0.01313674059872051,11.958998831621972,9.999503354316982,11.959475379090815,0.9999601531460423,0.013136872175832764
432,0.10000396506745131,0.9999899841369777,0.01313674059872051,11.958998831621972,9.999503354316982,11.959475379090815,0.9999601531460423,0.013136872175832764
433,0.10000396506745131,0.9999899841369777,0.01313674059872051,11.958998831621972,9.999503354316982,11.959475379090815,0.9999601531460423,0.013136872175832764
434,0.10000396506745131,0.9999899841369777,0.01313674059872051,11.958998831621972,9.999503354316982,11.959475379090815,0.9999601531460423,0.013136872175832764
435,0.1001012240880795,0.9999899579364733,0.0032457042012893973,20.575692201153366,9.98978750805862,20.576606262246706,0.999955577655436,0.0032457367951844855
436,0.10007596562038877,0.9999883746336502,0.0002858317346575958,137.9090227612063,9.992293038938408,137.91531742344515,0.9999543584979794,0.00028583505759485593
437,0.113313625197489,0.9999419884643854,4.463968936836656e-06,8755.827788378134,8.824552093551269,8757.11738581332,0.9998527372218081,4.464227913553254e-06
438,0.10006990350113563,0.9999893023474874,0.00011152762879911314,338.8880687211893,9.992907631175433,338.9035542400879,0.9999543070035565,0.00011152882189569491
439,0.32380189431720025,0.8524409238812278,0.000101078985944998,1880.6939820680766,2.632600175730184,2069.940661614565,0.9085738624995776,0.00011857594246505406
440,0.10000996895293486,0.9999897742709772,0.02233974042810951,10.762448339404637,9.998900956979368,10.762839726665481,0.9999636353164422,0.022339968870577556
441,0.46273143595724386,0.609488236506939,9.165677599149913e-05,4492.521177450085,1.3171532970222826,10213.892236210166,0.43984419196467084,0.0001503831747710124
442,0.37084058958023697,0.999557990536579,0.02874553434054881,13.684359966794323,2.6953845361641826,14.823769317536597,0.9231363274525363,0.028758245757324934
443,0.34493650540269716,0.754340731181782,0.004737290359117499,70.12494803973983,2.1868973546337886,83.04978089286345,0.8443724629472893,0.006280040521868493
444,0.10000101461968612,0.9587777039190755,0.017320280784828165,11.725664268037978,9.58767976070446,11.726340827661412,0.9999423042845695,0.018064959910968126
445,0.10035626038754686,0.9999674385597631,0.005157562646460802,16.364653117046217,9.964175973658026,16.36538495276644,0.9999552814845275,0.0051577305895971525
446,0.4095466677809777,0.999989894994538,0.014166454832612549,19.389568365018196,2.4416995025566286,21.784456150287173,0.8900643757756878,0.014166597986162576
447,0.10030178428972318,0.9999888211577056,0.009679029483682973,12.988061620310354,9.96980091868778,12.988613708302866,0.9999574944636194,0.009679137685236702
448,0.11503332955976667,0.9999899033267211,0.006018087454484468,15.845795425295215,8.69304493883372,15.848321947582043,0.9998405810851657,0.006018148217760767
449,0.10310932207574379,0.9999863953833222,0.004348440067793217,17.827045901049903,9.698312191876651,17.828095718927194,0.9999411144132361,0.0043484992274583295
450,0.1006146949367186,0.5866963596637131,0.02672949260875333,17.894528685228224,5.8311199972599885,17.93542530426159,0.9977197853778439,0.04555932923134947
451,0.2833872353040081,0.970867481305709,2.057557513208841e-05,4765.948634219179,3.425939352081951,4948.539051063229,0.9631021570285843,2.119298001867005e-05
452,0.14691967045073615,0.9999898776367282,0.023967763527158185,11.171915820480137,6.806371635389941,11.18249659216646,0.9990538095317878,0.023968006140023236
453,0.43362415922747743,0.788625596827751,0.0003392283522785132,947.5326653173752,1.8186846374812833,1280.8466051936214,0.7397706028772585,0.0004301513337166081
454,0.13114917231551276,0.9999898358271848,0.008189872133381404,14.533943475998944,7.624827653669475,14.540635638428933,0.9995397613559408,0.00818995537750321
455,0.23544863296835514,0.8645199757864115,0.00015536210847651454,841.3716184707533,3.6717986632039823,865.7733444823494,0.9718151105400618,0.000179709101961686
456,0.10001405353149556,0.9999899875080485,0.00471529211288174,17.023769576457166,9.998494733474034,17.024508324831434,0.9999566067718273,0.004715339325178782
457,0.10001566144781923,0.9999888419419497,0.004790480736887607,16.900712698901796,9.99832253735251,16.90144568261671,0.9999566318924027,0.004790534189946191
458,0.10025907752832482,0.9997405442548117,6.473505420837579e-06,5693.540595917847,9.97157134198017,5693.806655328147,0.9999532721382363,6.475185444902418e-06
459,0.11492165303491883,0.7892934212607222,0.006888864284799066,24.783413723140196,6.8681001396742545,24.807888638790054,0.9990134220607719,0.008727887626119604
460,0.10253958284804156,0.7120419470625325,0.049378411850799074,11.764130505001212,6.944069083231423,11.771172838255827,0.9994017305368478,0.06934761646347584
461,0.10000113915834762,0.9999437425486691,0.01650471036429296,11.370119208147365,9.999323517358139,11.370557355139278,0.9999614665334137,0.016505638929471718
462,0.10000105225639147,0.7806159895317752,0.018226300689484585,14.75286055432979,7.806077755365648,14.757882664521254,0.9996596998156424,0.023348613061867952
463,0.2961658145451341,0.8036635255679776,0.00016363697627105135,1288.301121468012,2.7135593849758903,1404.9131574455553,0.9169969792370869,0.00020361378993205307
464,0.43507172456948445,0.6639337291089483,0.0009143271556810539,465.7206294062025,1.5260328162349075,774.3144642156172,0.6014618748959815,0.0013771361742807575
465,1.0,0.31231500533072254,0.07071405088737981,9.524638158637794,0.31231500533072254,99.51488482039262,0.09571068866560153,0.22641899902471208
466,1.0,0.31231500533072254,0.07071405088737981,9.524638158637794,0.31231500533072254,99.51488482039262,0.09571068866560153,0.22641899902471208
467,1.0,0.31231500533072254,0.07071405088737981,9.524638158637794,0.31231500533072254,99.51488482039262,0.09571068866560153,0.22641899902471208
468,1.0,0.31231500533072254,0.07071405088737981,11.72887176343209,0.31231500533072254,122.54505663845936,0.09571068866560153,0.22641899902471208
469,1.0,0.31231500533072254,0.07071405088737981,9.524638158637794,0.31231500533072254,99.51488482039262,0.09571068866560153,0.22641899902471208
470,0.10000658184578609,0.9999890385047309,0.004207599829813194,17.969706286660276,9.999232251000755,17.970489473902475,0.999956418146354,0.00420764595190439
471,0.10000102295920711,0.9999408483358935,0.010568336035122843,12.656298794467649,9.99930619453557,12.656816355205837,0.9999591081419164,0.0105689612067661
472,0.3544198812392588,0.7451698556722204,4.533270997965945e-05,6776.832824431332,2.10250579924205,8237.456425044393,0.8226851196235384,6.083540502153653e-05
473,0.10001024233897857,0.9999897524845821,0.003761413630403929,19.01130515056374,9.998873406337506,19.01213774141605,0.9999562074047834,0.003761452175943096
474,0.10000102286790474,0.9999408536153708,0.013716308297560226,11.837961480835556,9.999306256459313,11.838430568609823,0.9999603758478333,0.013717119615593016
475,0.1000011950400612,0.999988388633375,0.003611040857300623,19.419622394679056,9.999764385143322,19.420473386244563,0.9999561806991735,0.003611082786906775
476,0.39328830385513225,0.6968070015109686,0.0004070354111985717,943.0279584343137,1.771746056723918,1306.03239940547,0.7220555622231098,0.0005841436872992793
477,0.10000408727175775,0.9999894647182889,0.017067553068355345,11.293450764874665,9.9994859410181,11.293883445748454,0.9999616889198594,0.017067732881729424
478,0.10006826279596193,0.9999317064835643,5.3741597449870185e-06,6821.723629095931,9.992495907742637,6822.035807907724,0.9999542396403972,5.374526790320707e-06
479,0.10000744808607692,0.9999777506312963,0.0006346780523458446,67.195065498344,9.999032769745414,67.1981012920806,0.9999548232215163,0.0006346921738460339
480,0.1002099054850139,0.9999806794215989,8.141489459556431e-06,4523.058296338328,9.978860618435998,4523.268119766377,0.9999536124274543,8.14164676088099e-06
481,0.10096966160401015,0.9999107482920628,6.324318224109083e-06,5843.062233508961,9.903081107804267,5843.354646583632,0.9999499580134433,6.3248827306953e-06
482,0.10000103947309667,0.9991717083469749,0.0025286550707258413,23.848499598633637,9.99161322333837,23.849564697843228,0.9999553409371162,0.0025307512708793935
483,0.10529510714034192,0.9988252314511346,0.006867210032055897,14.750839157537554,9.485960540596219,14.7518889812437,0.9999288346253499,0.00687528690287382
484,0.10726316528979961,0.9993314679013137,1.730516797948442e-06,21913.72321012473,9.316632277272047,21915.695407498224,0.999910009820048,1.7316744779214085e-06
485,0.10016118483218188,0.9991838167490401,0.02027071234041607,10.947586298890714,9.97575875747829,10.948002391159221,0.9999619937725951,0.020287270470782017
486,0.10013295186193213,0.9987287846937949,0.0038495141074857383,18.851930313632053,9.974027192076466,18.852775998603313,0.9999551426818352,0.003854413897428599
487,0.10000383994362941,0.9999841477796817,0.007703632229416318,13.97098747944595,9.999457504265406,13.971575325642284,0.9999579255608168,0.007703754351027568
488,0.4353153053391073,0.6544604333148462,9.844615572701646e-05,4309.927598547883,1.5034170066798513,7363.95105068808,0.5852737978405176,0.00015042338805477677
489,0.10000102199987763,0.9999623932549249,0.016752674791366773,11.335717296457208,9.999521737449328,11.336152949025804,0.9999615696285543,0.01675330482863063
490,0.10016081520845777,0.9999899813281102,0.013683252481185583,11.846607535324832,9.983844273300894,11.847084545227032,0.9999597360936879,0.01368338957057603
491,0.1348369427031942,0.9762139953139888,0.01942695632724143,11.748925515438824,7.239959433542265,11.756260250884525,0.9993760996023247,0.01990030507705737
492,0.10002872722425436,0.9999828576485764,0.006496167508344253,14.869436380275214,9.996956728307811,14.870071229902061,0.9999573068873019,0.006496278869839585
493,0.21534312144094975,0.999480239844999,0.016946332113504388,13.247016169404642,4.641338126600302,13.371484440760979,0.990691514326045,0.01695514472215324
494,0.13409279952243866,0.9738752554452077,0.00011193056587954166,449.63110590001617,7.262696124725493,449.9479693536854,0.9992957775670721,0.000114933165468274
495,0.10796373397197433,0.9125277377974454,0.006710398370181919,17.916258989425813,8.452169114809637,17.91985937055166,0.9997990842979626,0.007353637694760608
496,0.10001323216903639,0.9999878550310508,0.006732327171768054,14.66813281443352,9.998555524542303,14.668756586906916,0.999957476118054,0.006732408936665543
497,0.100003122941551,0.9999896758676018,0.01024198431821802,12.768633302147089,9.999584477497443,12.76915701954216,0.999958985750252,0.010242090058911824
498,0.10008900608748245,0.9999091811062417,0.0032281933027542816,20.641138843734808,9.99019992497752,20.64205559080993,0.9999555883826061,0.003228486510327663
499,0.30522113370685383,0.9994999992701172,0.018003494332257713,14.819160725412749,3.2746749451172525,15.44875746752286,0.9592461242638004,0.01801250059570258
